id;start_date;updated_date;survey_id;email;status;device_type;contact_id;contact_list_id;promotion_code;1_¿Cuál es el principal objetivo de su visita al BOAM?;1_¿Cuál es el principal objetivo de su visita al BOAM?_Otro;2_¿Ha conseguido cumplir su objetivo?;3_¿Con qué frecuencia consulta el Boletín Oficial del Ayuntamiento de Madrid?;4_¿Con qué perfil se identifica usted más?;4_¿Con qué perfil se identifica usted más?_Otro;5_¿De qué forma mayoritaria realiza sus consultas del Boletín Oficial del Ayuntamiento?;6_¿Conoce el servicio de suscripción al Boletín Oficial del Ayuntamiento de Madrid?;7_Indique su grado de satisfacción general con el Boletín Oficial del Ayuntamiento de Madrid;8_Le agradecemos cualquier comentario que nos ayude a mejorar;9_¿Cuál es su sexo?;10_¿A qué grupo de edad pertenece?
43165092;11/04/2024 12:03;06/05/2024 11:04;359511;;Parcial;Desktop;;;;Localizar una disposición concreta publicada hace tiempo.;;;;;;;;;;;
43203990;08/04/2024 13:31;12/04/2024 8:20;359511;;Parcial;Desktop;;;;Consultar el BOAM de hoy;;Sí;Mensualmente;Soy un/a trabajador/a autónomo;;Desde un PC;Sí;3;fa;;
43204306;08/04/2024 14:23;08/04/2024 14:23;359511;;Parcial;Mobile;;;;Consultar el BOAM de hoy;;Sí;Diariamente;Trabajo en un Administración Pública;;Desde un PC;Sí;7;;;
43267287;11/04/2024 14:08;01/10/2024 10:01;359511;;Parcial;Desktop;;;;Consultar el BOAM de hoy;;Sí;Diariamente;Estoy estudiando / opositando;;Desde un PC;;10;;;
43281268;12/04/2024 8:34;07/05/2024 14:14;359511;;Parcial;Desktop;;;;Consultar el BOAM de hoy;;Sí;Diariamente;Trabajo en una Administración Pública;;Desde un PC;No;0;;;
43311127;15/04/2024 15:16;15/04/2024 15:19;359511;;Parcial;Mobile;;;;;;;;;;Desde un PC;;;;;
43633926;30/04/2024 12:53;30/04/2024 13:02;359511;;Completa;Desktop;;;;Buscar todas las disposiciones publicadas sobre un tema o asunto concreto.;;Sí;Diariamente;Soy un/a trabajador/a autónomo;;Desde un PC;No;8;Ha desaparecido un resultado de diciembre de 2023 sobre el plan Relanza.;Mujer;Entre 40 y 65
43634492;30/04/2024 12:57;30/04/2024 12:57;359511;;Completa;Desktop;;;;Consultar el BOAM de hoy;;Sí;Diariamente;Trabajo en un Administración Pública;;Desde un PC;Sí;7;;Mujer;Entre 40 y 65
43636831;30/04/2024 13:38;30/04/2024 13:40;359511;;Completa;Desktop;;;;Consultar el BOAM de hoy;;Sí;Diariamente;Otro;Asociacionismo;Desde un PC;No;4;El buscador es muy deficiente. Al introducir un término de búsqueda aparecen muchos resultados que no coinciden con las palabras escritas;Hombre;Entre 18 y 40
43641135;30/04/2024 23:09;30/04/2024 23:10;359511;;Completa;Tablet;;;;Consultar el BOAM de hoy;;Sí;Diariamente;Trabajo por cuenta ajena;;Desde un dispositivo móvil;No;9;;Hombre;Entre 18 y 40
43644559;01/05/2024 10:29;01/05/2024 10:30;359511;;Completa;Mobile;;;;Consultar el BOAM de hoy;;Sí;Diariamente;Trabajo en un Administración Pública;;Desde un dispositivo móvil;Sí;8;La ayuda virtual me parece muy intrusiva. Mejorar la búsqueda por texto libre;Hombre;Entre 40 y 65
43647425;01/05/2024 23:55;01/05/2024 23:56;359511;;Completa;Mobile;;;;Consultar el BOAM de hoy;;Sí;Diariamente;Estoy estudiando / opositando;;Desde un dispositivo móvil;Sí;10;Que los edictos salgan publicados a las 00:00 igual que el BOAM;Hombre;Entre 40 y 65
43647620;02/05/2024 0:28;02/05/2024 0:28;359511;;Completa;Mobile;;;;Consultar el BOAM de hoy;;Sí;Diariamente;Trabajo en un Administración Pública;;Desde un dispositivo móvil;Sí;10;;Hombre;Entre 40 y 65
43648041;02/05/2024 2:06;02/05/2024 2:17;359511;;Completa;Mobile;;;;Consultar el BOAM de hoy;;Sí;Diariamente;Soy un/a trabajador/a autónomo;;Desde un PC;Sí;8;"Debería incluirse en el Boletín una parte no normativa, constituida por otras informaciones oficiales, como son las 
que se refieren a información pública activa, valores de contaminación, avisos, anuncios, etc,  superando la rigidez formalista actual.";Hombre;Entre 40 y 65
43648977;02/05/2024 7:58;02/05/2024 8:00;359511;;Completa;Tablet;;;;Consultar el BOAM de hoy;;Sí;Diariamente;Trabajo en un Administración Pública;;Desde un dispositivo móvil;No;9;Que se mejore el acceso a la normativa de forma consolidada;Hombre;Entre 40 y 65
43649104;02/05/2024 9:29;02/05/2024 9:38;359511;;Completa;Desktop;;;;Consultar el BOAM de hoy;;Sí;Diariamente;Soy un/a trabajador/a autónomo;;Desde un PC;Sí;7;La concepción del Boletín es de un mero agregado de disposiciones y actos sin mayor propósito de utilidad para los ciudadanos, con una concepción meramente burocrática, al margen de los nuevos principios del Derecho de transparencia. Deberían incluir, con carácter periódico, textos consolidados de la normativa municipal, que incluyan las modificaciones habidas, pues actualmente resulta muy tedioso conocer las versiones actualizadas de dichas normas. También incluir en el Boletín la publicación de otra información municipal, como memorias, informes, instrucciones, guías, directorios, así como aquellas resoluciones judiciales que afectan al Ayuntamiento.;Hombre;Entre 18 y 40
43649164;02/05/2024 10:08;02/05/2024 10:09;359511;;Completa;Mobile;;;;Consultar el BOAM de hoy;;Sí;Diariamente;Trabajo en un Administración Pública;;Desde un dispositivo móvil;Sí;5;;Hombre;Entre 40 y 65
43649213;02/05/2024 10:33;02/05/2024 10:34;359511;;Completa;Mobile;;;;Consultar el BOAM de hoy;;Sí;Diariamente;Trabajo en un Administración Pública;;Desde un dispositivo móvil;No;10;;Hombre;Entre 40 y 65
43649427;02/05/2024 11:51;02/05/2024 11:52;359511;;Completa;Tablet;;;;Consultar el BOAM de hoy;;Sí;Diariamente;Trabajo en un Administración Pública;;Desde un dispositivo móvil;No;8;;Hombre;Entre 40 y 65
43649541;02/05/2024 12:37;02/05/2024 12:38;359511;;Parcial;Desktop;;;;Buscar todas las disposiciones publicadas sobre un tema o asunto concreto.;;;;;;;;;;;
43650058;02/05/2024 15:14;02/05/2024 15:18;359511;;Completa;Mobile;;;;Consultar el BOAM de hoy;;Sí;Diariamente;;;Desde un dispositivo móvil;;5;Deberían quitar la opción del asterisco para poder acceder al BOAM, a veces al intentar pulsar sobre él para cerrarlo se cierra la opción de acceder al BOAM de ese día. Gracias.;Hombre;
43658878;02/05/2024 23:03;02/05/2024 23:05;359511;;Completa;Desktop;;;;Consultar el BOAM de hoy;;;Diariamente;Trabajo en un Administración Pública;;Desde un PC;Sí;6;La búsqueda de la lupa que tiene el BOAM es malísima... es imposible localizar algo con la opción de búsqueda. Eso debería mejorarse.;Hombre;Entre 40 y 65
43659683;03/05/2024 0:32;03/05/2024 0:33;359511;;Completa;Mobile;;;;Consultar el BOAM de hoy;;Sí;;Trabajo en un Administración Pública;;Desde un PC;No;9;;Hombre;Entre 40 y 65
43659992;03/05/2024 1:09;03/05/2024 1:10;359511;;Completa;Mobile;;;;Consultar el BOAM de hoy;;No ;Diariamente;Trabajo en un Administración Pública;;Desde un dispositivo móvil;No;6;;Hombre;Entre 18 y 40
43661373;03/05/2024 6:23;03/05/2024 6:14;359511;;Completa;Mobile;;;;Consultar el BOAM de hoy;;Sí;Diariamente;Estoy estudiando / opositando;;Desde un dispositivo móvil;Sí;8;;Mujer;Entre 40 y 65
43662012;03/05/2024 7:49;03/05/2024 7:50;359511;;Completa;Desktop;;;;Consultar el BOAM de hoy;;Sí;Diariamente;Soy un/a trabajador/a autónomo;;Desde un PC;Sí;10;Gracias. ;Mujer;Entre 40 y 65
43662014;03/05/2024 7:50;03/05/2024 7:51;359511;;Completa;Desktop;;;;Consultar el BOAM de hoy;;Sí;Diariamente;Trabajo en un Administración Pública;;Desde un PC;Sí;10;;Hombre;Entre 40 y 65
43662015;03/05/2024 7:51;03/05/2024 7:51;359511;;Parcial;Desktop;;;;Consultar el BOAM de hoy;;;;;;;;;;;
43662221;03/05/2024 7:52;03/05/2024 7:53;359511;;Completa;Desktop;;;;Consultar el BOAM de hoy;;Sí;Diariamente;Otro;;Desde un PC;Sí;2;;Mujer;Entre 40 y 65
43662369;03/05/2024 8:03;03/05/2024 8:04;359511;;Completa;Desktop;;;;Buscar todas las disposiciones publicadas sobre un tema o asunto concreto.;;Sí;Diariamente;Trabajo en un Administración Pública;;Desde un PC;Sí;7;;Mujer;Entre 40 y 65
43662373;03/05/2024 8:05;03/05/2024 8:06;359511;;Completa;Desktop;;;;Consultar el BOAM de hoy;;Sí;Diariamente;Trabajo en un Administración Pública;;Desde un PC;Sí;8;;Hombre;Entre 40 y 65
43662387;03/05/2024 8:09;03/05/2024 8:10;359511;;Completa;Mobile;;;;Consultar el BOAM de hoy;;Sí;Diariamente;Trabajo en un Administración Pública;;Desde un dispositivo móvil;Sí;10;;Mujer;Entre 40 y 65
43662408;03/05/2024 8:22;03/05/2024 8:22;359511;;Completa;Desktop;;;;Consultar el BOAM de hoy;;Sí;Diariamente;Trabajo en un Administración Pública;;Desde un PC;Sí;8;;Mujer;Entre 40 y 65
43662424;03/05/2024 8:34;03/05/2024 8:35;359511;;Completa;Desktop;;;;Buscar todas las disposiciones publicadas sobre un tema o asunto concreto.;;Sí;Diariamente;;;Desde un PC;Sí;8;;Mujer;Entre 40 y 65
43662435;03/05/2024 8:39;03/05/2024 8:42;359511;;Completa;Desktop;;;;Consultar el BOAM de hoy;;Sí;Diariamente;Trabajo en un Administración Pública;;Desde un PC;No;5;Lo que me gustaría que cambiasen, es que cada vez que se ve las convocatorias (por ejemplo de personal) tienes que retroceder mucho para ver una nueva, se podria cambiar. Gracias.;Mujer;Entre 40 y 65
43662453;03/05/2024 8:45;03/05/2024 8:46;359511;;Completa;Desktop;;;;Consultar el BOAM de hoy;;Sí;Diariamente;Trabajo en un Administración Pública;;Desde un PC;;8;;Mujer;Entre 40 y 65
43662544;03/05/2024 9:27;03/05/2024 10:39;359511;;Completa;Desktop;;;;Consultar el BOAM de hoy;;Sí;Diariamente;Trabajo en un Administración Pública;;Desde un PC;No;10;;Hombre;Entre 40 y 65
43662567;03/05/2024 9:42;03/05/2024 9:43;359511;;Completa;Desktop;;;;Consultar el BOAM de hoy;;Sí;Diariamente;Trabajo en un Administración Pública;;Desde un PC;No;7;Suelo desplegar el boletín pero cuando entro a un apartado, al volver el boletín vuelve a estar plegado, sería interesante que se mantuviera desplegado. Saludos;Mujer;Entre 40 y 65
43662647;03/05/2024 10:19;03/05/2024 10:22;359511;;Completa;Desktop;;;;Consultar el BOAM de hoy;;Sí;Diariamente;Trabajo en un Administración Pública;;;Sí;9;El buscador no es del todo eficiente cuando no tienes muchos datos de búsqueda;Hombre;Entre 40 y 65
43662865;03/05/2024 11:37;03/05/2024 11:38;359511;;Completa;Desktop;;;;Localizar una disposición concreta publicada hace tiempo.;;Sí;Ocasionalmente;Trabajo en un Administración Pública;;Desde un PC;Sí;6;;Mujer;Entre 40 y 65
43662914;03/05/2024 11:55;03/05/2024 11:59;359511;;Completa;Desktop;;;;Consultar el BOAM de hoy;;Sí;Diariamente;Trabajo en un Administración Pública;;Desde un PC;Sí;9;"En la pregunta ¿Con qué perfil se identifica usted? podías dar como una de las respuestas Trabajador/a del Ayuntamiento de Madrid. Así sabríais cuantas personas de dentro del Ayto estamos consultando el BOAM. Es una sugerencia. Gracias.
Los grupos de edad, deberían ser más cortos ¿Hay alguien de menos de 18 años que consulte el BOAM? me extraña un poco.";Mujer;Entre 40 y 65
43666124;03/05/2024 13:34;03/05/2024 13:35;359511;;Parcial;Desktop;;;;Localizar una disposición concreta publicada hace tiempo.;;;;;;;;;;;
43667821;03/05/2024 15:12;03/05/2024 15:13;359511;;Completa;Desktop;;;;Consultar el BOAM de hoy;;Sí;Diariamente;Trabajo en un Administración Pública;;Desde un PC;Sí;9;;Mujer;Entre 40 y 65
43683126;05/05/2024 19:20;05/05/2024 19:22;359511;;Completa;Desktop;;;;Consultar el BOAM de un día anterior;;Sí;Ocasionalmente;Trabajo en un Administración Pública;;Desde un PC;No;8;He echado en falta un botón para ver directamente el último boletín publicado.;Hombre;Entre 18 y 40
43683294;05/05/2024 19:53;05/05/2024 19:54;359511;;Completa;Mobile;;;;Consultar el BOAM de hoy;;Sí;Diariamente;Trabajo en un Administración Pública;;Desde un dispositivo móvil;Sí;10;;Hombre;Entre 18 y 40
43684655;06/05/2024 0:19;06/05/2024 0:20;359511;;Completa;Mobile;;;;Consultar el BOAM de hoy;;;Diariamente;Trabajo en un Administración Pública;;Desde un dispositivo móvil;No;5;Mejorar herramienta de búsqueda ;Hombre;Entre 18 y 40
43686250;06/05/2024 7:34;06/05/2024 7:35;359511;;Completa;Desktop;;;;Consultar el BOAM de hoy;;Sí;Diariamente;Trabajo en un Administración Pública;;Desde un PC;No;8;;Hombre;Entre 40 y 65
43686274;06/05/2024 7:45;06/05/2024 7:46;359511;;Completa;Mobile;;;;Consultar el BOAM de hoy;;Sí;Diariamente;Trabajo en un Administración Pública;;Desde un PC;Sí;10;;Mujer;Entre 40 y 65
43686289;06/05/2024 7:51;06/05/2024 7:52;359511;;Completa;Desktop;;;;Consultar el BOAM de hoy;;Sí;Diariamente;Trabajo en un Administración Pública;;Desde un PC;Sí;10;;Hombre;Entre 40 y 65
43686329;06/05/2024 8:03;06/05/2024 8:04;359511;;Completa;Desktop;;;;Consultar el BOAM de hoy;;;Diariamente;Trabajo en un Administración Pública;;;Sí;10;;Mujer;Entre 40 y 65
43686335;06/05/2024 8:07;06/05/2024 8:07;359511;;Completa;Desktop;;;;Buscar todas las disposiciones publicadas sobre un tema o asunto concreto.;;Sí;Semanalmente;Trabajo en un Administración Pública;;;No;8;;Hombre; Más de 65
43686342;06/05/2024 8:10;06/05/2024 8:10;359511;;Completa;Desktop;;;;Consultar el BOAM de hoy;;Sí;;Trabajo en un Administración Pública;;Desde un PC;Sí;9;;Mujer;Entre 40 y 65
43686366;06/05/2024 8:28;06/05/2024 8:29;359511;;Completa;Desktop;;;;Consultar el BOAM de hoy;;Sí;Diariamente;Trabajo en un Administración Pública;;Desde un PC;Sí;8;;Mujer;Entre 40 y 65
43686395;06/05/2024 8:37;06/05/2024 8:40;359511;;Completa;Desktop;;;;Consultar el BOAM de un día anterior;;No ;Ocasionalmente;Soy un/a trabajador/a autónomo;;Desde un dispositivo móvil;No;0;;Mujer; Más de 65
43686420;06/05/2024 8:42;06/05/2024 8:44;359511;;Completa;Desktop;;;;Consultar el BOAM de hoy;;Sí;Diariamente;Trabajo en un Administración Pública;;Desde un PC;Sí;8;;Mujer;Entre 40 y 65
43686547;06/05/2024 9:04;06/05/2024 9:05;359511;;Completa;Desktop;;;;Buscar todas las disposiciones publicadas sobre un tema o asunto concreto.;;Sí;Diariamente;Trabajo en un Administración Pública;;Desde un PC;Sí;7;;Mujer;Entre 40 y 65
43686641;06/05/2024 9:34;06/05/2024 9:35;359511;;Completa;Desktop;;;;Consultar el BOAM de hoy;;Sí;Diariamente;Trabajo en un Administración Pública;;Desde un PC;No;10;;Mujer;Entre 40 y 65
43686683;06/05/2024 9:41;06/05/2024 9:49;359511;;Completa;Desktop;;;;Consultar el BOAM de hoy;;Sí;Diariamente;Trabajo en un Administración Pública;;Desde un PC;Sí;5;Aunque estoy suscrita al BOAM, no recibo los correos de suscripción. Además, para mí sería útil que me llegara un mail diario con una parte del BOAM específica y no todo el BOAM. Si esto lo pudierais implementar, sería genial. Un saludo;Mujer;Entre 40 y 65
43686797;06/05/2024 10:08;06/05/2024 10:37;359511;;Completa;Desktop;;;;Consultar el BOAM de hoy;;Sí;Diariamente;Trabajo en un Administración Pública;;Desde un PC;Sí;10;;Mujer;Entre 40 y 65
43686957;06/05/2024 10:48;06/05/2024 12:04;359511;;Completa;Desktop;;;;Consultar el BOAM de hoy;;Sí;Diariamente;Trabajo en un Administración Pública;;Desde un PC;Sí;6;El sistema de retorno de pagina no te devuelve a la pagina anterior y eso hace perder tiempo;Mujer;Entre 40 y 65
43686973;06/05/2024 10:51;06/05/2024 10:52;359511;;Completa;Desktop;;;;Consultar el BOAM de hoy;;Sí;Diariamente;Trabajo en un Administración Pública;;Desde un dispositivo móvil;Sí;9;;Mujer;Entre 40 y 65
43687056;06/05/2024 11:13;06/05/2024 11:14;359511;;Completa;Mobile;;;;Consultar el BOAM de hoy;;Sí;Semanalmente;Estoy estudiando / opositando;;Desde un dispositivo móvil;Sí;8;;Mujer;Entre 18 y 40
43696802;06/05/2024 19:38;06/05/2024 19:39;359511;;Parcial;Desktop;;;;Consultar el BOAM de un día anterior;;;;;;;;;;;
43698166;06/05/2024 21:23;06/05/2024 21:23;359511;;Parcial;Desktop;;;;Consultar el BOAM de hoy;;;;;;;;;;;
43702289;06/05/2024 22:48;06/05/2024 22:49;359511;;Completa;Mobile;;;;Consultar el BOAM de hoy;;Sí;Diariamente;Trabajo en un Administración Pública;;Desde un dispositivo móvil;Sí;9;;Mujer;Entre 40 y 65
43703175;07/05/2024 0:07;07/05/2024 0:08;359511;;Completa;Mobile;;;;Consultar el BOAM de hoy;;Sí;Diariamente;Estoy estudiando / opositando;;Desde un dispositivo móvil;No;9;;Mujer;Entre 40 y 65
43703495;07/05/2024 0:30;07/05/2024 0:31;359511;;Completa;Mobile;;;;Consultar el BOAM de hoy;;Sí;Diariamente;Trabajo en un Administración Pública;;Desde un dispositivo móvil;Sí;8;;Hombre;Entre 40 y 65
43706118;07/05/2024 7:59;07/05/2024 8:02;359511;;Completa;Desktop;;;;Consultar el BOAM de hoy;;Sí;Diariamente;Trabajo en un Administración Pública;;Desde un PC;No;8;;Mujer;Entre 18 y 40
43706122;07/05/2024 8:03;07/05/2024 8:04;359511;;Completa;Desktop;;;;Consultar el BOAM de hoy;;Sí;Diariamente;Trabajo en un Administración Pública;;;Sí;10;;Mujer;Entre 40 y 65
43706151;07/05/2024 8:16;07/05/2024 8:18;359511;;Completa;Desktop;;;;Consultar el BOAM de hoy;;Sí;Diariamente;Trabajo en un Administración Pública;;Desde un PC;Sí;8;Mejorar la pagina de acceso permitiendo desplegar todo y hacer consultas sucesivas de lo publicado sin volver a origen.;Hombre;Entre 40 y 65
43707041;07/05/2024 9:23;07/05/2024 9:26;359511;;Completa;Desktop;;;;Consultar el BOAM de hoy;;Sí;Diariamente;Trabajo en un Administración Pública;;Desde un PC;Sí;7;;Hombre;Entre 40 y 65
43707067;07/05/2024 9:35;07/05/2024 9:37;359511;;Completa;Desktop;;;;Consultar el BOAM de hoy;;Sí;Diariamente;Trabajo por cuenta ajena;;Desde un PC;No;10;;Hombre;Entre 18 y 40
43708044;07/05/2024 12:45;07/05/2024 12:46;359511;;Parcial;Desktop;;;;;;;Ocasionalmente;;;;;;;;
43725271;08/05/2024 7:38;08/05/2024 7:39;359511;;Completa;Desktop;;;;Consultar el BOAM de hoy;;Sí;Diariamente;Trabajo en una Administración Pública;;Desde un PC;Sí;10;;Mujer;Entre 40 y 65
43725280;08/05/2024 7:43;08/05/2024 7:52;359511;;Completa;Desktop;;;;Consultar el BOAM de hoy;;Sí;Diariamente;Trabajo en una Administración Pública;;Desde un dispositivo móvil;;5;El buscador no funciona correctamente. El proceso de navegación es deficiente, por ejemplo el botón de regreso a página anterior no funciona correctamente.;Hombre;Entre 40 y 65
43725327;08/05/2024 8:13;08/05/2024 8:14;359511;;Completa;Desktop;;;;Consultar el BOAM de hoy;;Sí;Diariamente;Trabajo en una Administración Pública;;Desde un PC;Sí;10;;Mujer;Entre 40 y 65
43725357;08/05/2024 8:25;08/05/2024 8:25;359511;;Completa;Desktop;;;;Consultar el BOAM de hoy;;Sí;Diariamente;Trabajo en una Administración Pública;;Desde un PC;Sí;10;;Mujer;Entre 40 y 65
43725860;08/05/2024 9:06;08/05/2024 9:07;359511;;Completa;Desktop;;;;Consultar el BOAM de hoy;;Sí;Ocasionalmente;;;Desde un PC;No;7;;Hombre;Entre 40 y 65
43725876;08/05/2024 9:10;08/05/2024 9:11;359511;;Completa;Desktop;;;;Consultar el BOAM de hoy;;Sí;Diariamente;Trabajo en una Administración Pública;;Desde un PC;Sí;10;;Mujer;Entre 40 y 65
43725925;08/05/2024 9:26;08/05/2024 9:28;359511;;Completa;Desktop;;;;Consultar el BOAM de hoy;;Sí;Diariamente;Trabajo en una Administración Pública;;Desde un dispositivo móvil;Sí;7;;Hombre;Entre 40 y 65
43726039;08/05/2024 10:05;08/05/2024 10:05;359511;;Completa;Desktop;;;;Consultar el BOAM de hoy;;Sí;Diariamente;Trabajo en una Administración Pública;;Desde un PC;Sí;10;;Mujer;Entre 40 y 65
43726259;08/05/2024 11:17;08/05/2024 11:18;359511;;Completa;Desktop;;;;Consultar el BOAM de hoy;;;;Trabajo en una Administración Pública;;Desde un PC;No;10;;Mujer;Entre 40 y 65
43726591;08/05/2024 12:31;08/05/2024 12:32;359511;;Completa;Mobile;;;;Consultar el BOAM de un día anterior;;;Diariamente;Trabajo en una Administración Pública;;Desde un dispositivo móvil;Sí;8;;Hombre;Entre 40 y 65
43739908;09/05/2024 6:42;09/05/2024 21:00;359511;;Completa;Mobile;;;;Consultar el BOAM de hoy;;Sí;Diariamente;Trabajo en una Administración Pública;;Desde un dispositivo móvil;Sí;8;;Hombre;Entre 40 y 65
43741111;09/05/2024 8:18;09/05/2024 8:18;359511;;Parcial;Desktop;;;;Consultar el BOAM de hoy;;Sí;Diariamente;;;;;;;;
43741219;09/05/2024 9:15;09/05/2024 9:17;359511;;Completa;Desktop;;;;Consultar el BOAM de hoy;;Sí;Diariamente;Trabajo en una Administración Pública;;Desde un dispositivo móvil;Sí;10;;Mujer;Entre 40 y 65
43742110;09/05/2024 12:31;09/05/2024 12:33;359511;;Parcial;Mobile;;;;Consultar el BOAM de hoy;;Sí;Diariamente;Otro;;Desde un dispositivo móvil;No;10;;;
43742186;09/05/2024 12:46;09/05/2024 12:53;359511;;Completa;Desktop;;;;Otro;Estar informada;Sí;Diariamente;Trabajo en una Administración Pública;;Desde un PC;Sí;5;Si eliges un anuncio en concreto al darle a VOLVER o pinchar en ATRAS te devuelve a la página principal del árbol que compone el BOAM y tienes que volver a desmenuzar hasta donde quieres llegar. Por eso es prefereible elegir el boletin entero y pasar rápido lo que no te interesa.;Mujer;Entre 40 y 65
43749121;10/05/2024 0:26;10/05/2024 0:27;359511;;Parcial;Tablet;;;;Consultar el BOAM de hoy;;No ;Diariamente;Estoy estudiando / opositando;;Desde un dispositivo móvil;Sí;6;;;
43750875;10/05/2024 7:44;10/05/2024 7:45;359511;;Completa;Desktop;;;;Consultar el BOAM de hoy;;Sí;Diariamente;Trabajo en una Administración Pública;;Desde un PC;Sí;8;;Mujer;Entre 40 y 65
43751377;10/05/2024 8:49;10/05/2024 8:50;359511;;Completa;Desktop;;;;Localizar una disposición concreta publicada hace tiempo.;;No ;Ocasionalmente;Estoy estudiando / opositando;;Desde un dispositivo móvil;No;0;;Mujer;Entre 18 y 40
43751841;10/05/2024 9:40;10/05/2024 9:42;359511;;Completa;Desktop;;;;Consultar el BOAM de hoy;;Sí;Diariamente;Trabajo en una Administración Pública;;Desde un PC;No;9;;Hombre;Entre 40 y 65
43752071;10/05/2024 10:52;10/05/2024 10:53;359511;;Completa;Desktop;;;;Buscar todas las disposiciones publicadas sobre un tema o asunto concreto.;;;Diariamente;Trabajo en una Administración Pública;;Desde un PC;Sí;10;;Mujer;Entre 40 y 65
43752138;10/05/2024 11:15;10/05/2024 11:16;359511;;Completa;Desktop;;;;Consultar el BOAM de hoy;;Sí;Diariamente;Trabajo en una Administración Pública;;Desde un PC;No;9;;Hombre;Entre 18 y 40
43752154;10/05/2024 11:22;10/05/2024 11:23;359511;;Completa;Desktop;;;;Consultar el BOAM de hoy;;Sí;Diariamente;Trabajo en una Administración Pública;;Desde un PC;No;7;;Mujer;Entre 40 y 65
43752292;10/05/2024 11:57;10/05/2024 11:58;359511;;Completa;Desktop;;;;Consultar el BOAM de hoy;;Sí;Diariamente;Estoy estudiando / opositando;;Desde un PC;No;10;;Mujer;Entre 40 y 65
43752659;10/05/2024 12:58;10/05/2024 12:59;359511;;Completa;Desktop;;;;Consultar el BOAM de hoy;;Sí;Semanalmente;Trabajo en una Administración Pública;;Desde un PC;Sí;7;;Mujer;Entre 40 y 65
43776470;13/05/2024 8:16;13/05/2024 8:17;359511;;Completa;Desktop;;;;Consultar el BOAM de hoy;;Sí;Diariamente;Trabajo en una Administración Pública;;Desde un PC;No;10;;Hombre;Entre 40 y 65
43776500;13/05/2024 8:23;13/05/2024 8:24;359511;;Completa;Desktop;;;;Consultar el BOAM de hoy;;Sí;Diariamente;Trabajo en una Administración Pública;;Desde un PC;Sí;6;;Hombre;Entre 40 y 65
43776641;13/05/2024 9:03;13/05/2024 9:07;359511;;Completa;Desktop;;;;Consultar el BOAM de hoy;;Sí;Diariamente;Trabajo en una Administración Pública;;Desde un PC;Sí;7;La tabla de contenido debería estar resumida. Se transcribe todo el acuerdo, por lo que se hace  poco útil, debido a su extensión, desplazarse entre acuerdos;Hombre;Entre 40 y 65
43785898;13/05/2024 22:44;13/05/2024 22:45;359511;;Completa;Mobile;;;;Localizar una disposición concreta publicada hace tiempo.;;;Semanalmente;;;Desde un dispositivo móvil;Sí;10;;Hombre;Entre 40 y 65
43790137;14/05/2024 8:21;14/05/2024 8:24;359511;;Completa;Desktop;;;;Localizar una disposición concreta publicada hace tiempo.;;Sí;Diariamente;Trabajo en una Administración Pública;;Desde un PC;No;7;;Hombre;Entre 40 y 65
43790171;14/05/2024 8:43;14/05/2024 8:44;359511;;Completa;Desktop;;;;Consultar el BOAM de hoy;;Sí;Diariamente;Trabajo en una Administración Pública;;Desde un PC;Sí;8;;Hombre;Entre 40 y 65
43790782;14/05/2024 9:13;14/05/2024 9:14;359511;;Parcial;Mobile;;;;Consultar el BOAM de hoy;;No ;Ocasionalmente;Otro;;;;;;;
43792491;14/05/2024 13:49;14/05/2024 13:49;359511;;Completa;Desktop;;;;Consultar el BOAM de hoy;;Sí;Diariamente;Trabajo en una Administración Pública;;;Sí;9;;Hombre;Entre 40 y 65
43822071;15/05/2024 11:26;15/05/2024 11:28;359511;;Completa;Mobile;;;;Otro;;No ;;Trabajo en una Administración Pública;;Desde un dispositivo móvil;No;;Estoy buscando una bolsa q esté abierta y a la cual poderme presentar y x bolsa no encuentro ningún resultado;Mujer;Entre 40 y 65
43822871;15/05/2024 14:34;15/05/2024 14:36;359511;;Completa;Tablet;;;;Consultar el BOAM de hoy;;Sí;Diariamente;Trabajo en una Administración Pública;;Desde un PC;Sí;10;;Hombre;Entre 40 y 65
43837396;16/05/2024 7:33;16/05/2024 7:33;359511;;Parcial;Desktop;;;;Consultar el BOAM de hoy;;;;;;;;;;;
43837454;16/05/2024 7:52;16/05/2024 7:53;359511;;Completa;Desktop;;;;Consultar el BOAM de hoy;;Sí;Semanalmente;Trabajo en una Administración Pública;;Desde un PC;No;10;;Mujer;Entre 40 y 65
43838833;16/05/2024 10:03;16/05/2024 10:04;359511;;Completa;Desktop;;;;Consultar el BOAM de hoy;;Sí;Diariamente;Trabajo en una Administración Pública;;Desde un PC;Sí;7;;Mujer;Entre 40 y 65
43936232;19/05/2024 12:20;19/05/2024 12:22;359511;;Parcial;Mobile;;;;;;Sí;;;;;;;;;
43940743;20/05/2024 9:04;20/05/2024 8:52;359511;;Completa;Mobile;;;;Buscar todas las disposiciones publicadas sobre un tema o asunto concreto.;;;Diariamente;Trabajo en una Administración Pública;;Desde un dispositivo móvil;Sí;5;Hay algunas disposiciones del apartado Oposiciones y Concursos que no aparecen en el buscador de edictos y que se publican directamente en el BOAM;Mujer;Entre 40 y 65
43944013;20/05/2024 13:02;20/05/2024 13:03;359511;;Parcial;Desktop;;;;Localizar una disposición concreta publicada hace tiempo.;;;;;;;;;;;
43944060;20/05/2024 13:17;20/05/2024 13:20;359511;;Parcial;Desktop;;;;Consultar el BOAM de hoy;;Sí;Mensualmente;Trabajo en una Administración Pública;;Desde un PC;No;;;;
43944794;20/05/2024 15:51;20/05/2024 15:51;359511;;Parcial;Desktop;;;;Consultar el BOAM de hoy;;;;;;;;;;;
43946976;20/05/2024 18:09;20/05/2024 18:09;359511;;Completa;Desktop;;;;Consultar el BOAM de hoy;;Sí;Ocasionalmente;Estoy estudiando / opositando;;Desde un PC;;8;;Mujer;Entre 18 y 40
43959493;20/05/2024 22:02;20/05/2024 22:03;359511;;Completa;Mobile;;;;Consultar el BOAM de hoy;;Sí;Semanalmente;Otro;Entidad si iL;Desde un dispositivo móvil;Sí;8;;Hombre;Entre 40 y 65
43968009;21/05/2024 8:47;29/05/2024 9:17;359511;;Completa;Desktop;;;;Consultar el BOAM de hoy;;Sí;Diariamente;Soy un/a trabajador/a autónomo;;Desde un PC;Sí;10;;Mujer;Entre 40 y 65
43968118;21/05/2024 9:11;21/05/2024 9:13;359511;;Completa;Tablet;;;;Consultar el BOAM de hoy;;Sí;Diariamente;Trabajo por cuenta ajena;;Desde un PC;Sí;9;Muy satisfecho;Hombre;Entre 40 y 65
44067971;21/05/2024 13:07;21/05/2024 13:09;359511;;Completa;Desktop;;;;Consultar el BOAM de hoy;;Sí;Diariamente;Otro;Funcionario Ayuntamiento de Madrid;Desde un PC;Sí;9;Sea un poco más intuitivo y mejor ordenado para facilitar las búsquedas;Hombre;Entre 40 y 65
44167141;21/05/2024 22:22;21/05/2024 22:22;359511;;Parcial;Desktop;;;;Buscar todas las disposiciones publicadas sobre un tema o asunto concreto.;;;;;;;;;;;
44170814;22/05/2024 5:10;22/05/2024 5:10;359511;;Parcial;Mobile;;;;Consultar el BOAM de hoy;;;;;;;;;;;
44171379;22/05/2024 7:25;22/05/2024 7:27;359511;;Completa;Desktop;;;;Buscar todas las disposiciones publicadas sobre un tema o asunto concreto.;;No ;Mensualmente;Otro;Jubilado;Desde un dispositivo móvil;No;3;;Mujer; Más de 65
44171791;22/05/2024 7:53;22/05/2024 7:54;359511;;Completa;Desktop;;;;Consultar el BOAM de hoy;;Sí;Diariamente;Trabajo en una Administración Pública;;Desde un PC;Sí;8;;Hombre;Entre 40 y 65
44171888;22/05/2024 8:39;22/05/2024 8:39;359511;;Completa;Mobile;;;;Buscar todas las disposiciones publicadas sobre un tema o asunto concreto.;;No ;Ocasionalmente;Soy un/a trabajador/a autónomo;;Desde un dispositivo móvil;No;5;;Hombre;Entre 40 y 65
44208106;23/05/2024 9:29;23/05/2024 9:29;359511;;Completa;Desktop;;;;Consultar el BOAM de hoy;;;;;;;;;;Mujer;Entre 40 y 65
44208332;23/05/2024 10:20;23/05/2024 10:25;359511;;Completa;Desktop;;;;Localizar una disposición concreta publicada hace tiempo.;;No ;Semanalmente;Trabajo en una Administración Pública;;Desde un PC;Sí;8;CIBELEX ha supuesto una mejora sustancial en la exposición pública de la normativa comunitaria, pero habría que avanzar hacia un modelo como el del BOE en el que puede consultarse a versión de la norma vigente en cada momento. La incorporación de jurisprudencia en CIBELEX supone una mejora muy relevante que merece un sincero y destacado elogio. Por último debe destacarse que hay que evitar, en la medida de lo posible, que los ciudadanos accedan mediante búsquedas en buscadores genéricos de internet (google, etc) a textos normativos desactualizados, generando confsión y por ende inseguridad jurídica.   ;Hombre;Entre 40 y 65
44208579;23/05/2024 11:36;23/05/2024 11:37;359511;;Completa;Desktop;;;;Consultar el BOAM de hoy;;Sí;Diariamente;Trabajo en una Administración Pública;;Desde un PC;Sí;9;Cuando se accede a un apartado del BOAM y ya se ha consultado al ir hacia atrás tienes que empezar la búsqueda desde el principio. Sería conveniente que te dejase en el apartado donde has buscado la información.;Mujer;Entre 40 y 65
44210670;23/05/2024 15:32;23/05/2024 15:32;359511;;Parcial;Mobile;;;;Buscar todas las disposiciones publicadas sobre un tema o asunto concreto.;;;;;;;;;;;
44213129;23/05/2024 20:06;23/05/2024 20:07;359511;;Completa;Mobile;;;;Consultar el BOAM de hoy;;Sí;Diariamente;Soy un/a trabajador/a autónomo;;Desde un dispositivo móvil;Sí;8;;Mujer;Entre 18 y 40
44213953;23/05/2024 22:10;23/05/2024 22:10;359511;;Parcial;Desktop;;;;Consultar el BOAM de hoy;;Sí;;;;;;;;;
44217788;24/05/2024 7:17;24/05/2024 7:18;359511;;Completa;Desktop;;;;Consultar el BOAM de hoy;;Sí;Diariamente;Trabajo en una Administración Pública;;Desde un PC;No;1;;Mujer;Entre 18 y 40
44217929;24/05/2024 8:27;24/05/2024 8:28;359511;;Completa;Desktop;;;;Consultar el BOAM de hoy;;Sí;Semanalmente;Trabajo en una Administración Pública;;Desde un PC;Sí;10;;Mujer;Entre 40 y 65
44253337;27/05/2024 6:31;27/05/2024 6:33;359511;;Completa;Mobile;;;;Consultar el BOAM de hoy;;Sí;Diariamente;Trabajo por cuenta ajena;;Desde un PC;No;10;Es muy intuitivo;Mujer;Entre 40 y 65
44253967;27/05/2024 10:10;27/05/2024 10:15;359511;;Completa;Desktop;;;;Buscar todas las disposiciones publicadas sobre un tema o asunto concreto.;;No ;Ocasionalmente;Soy un/a trabajador/a autónomo;;Desde un PC;No;0;No entiendo porqué no notifican electrónicamente la aparicion en el boletín para subsanar cualquier incidencia en una tramitación de un expediente.;Hombre;Entre 18 y 40
44254665;27/05/2024 11:35;27/05/2024 11:36;359511;;Completa;Desktop;;;;Buscar todas las disposiciones publicadas sobre un tema o asunto concreto.;;Sí;Diariamente;Trabajo por cuenta ajena;;Desde un PC;No;10;;Mujer;Entre 40 y 65
44258871;27/05/2024 16:34;27/05/2024 16:42;359511;;Completa;Desktop;;;;Buscar todas las disposiciones publicadas sobre un tema o asunto concreto.;;No ;Ocasionalmente;Trabajo en una Administración Pública;;Desde un PC;Sí;4;"Tanto el buscador simple como el  buscador avanzado no sirve para nada, si pongo este texto ""Director General de Función Pública por la que se deniegan solicitudes de ayudas asistenciales"" en el campo ""buscar en el título"" me hace una búsqueda de la palabra ""publicó"" cuando en el texto indicado ni siquiera aparece esa palabra. He filtrado por fechas y tampoco hace bien la búsqueda.

Si busco por ""ayudas asistenciales"" tampoco hace la búsqueda de ese texto, busca la palabra ""ayudas"" sin incluir asistenciales. 

";Mujer;Entre 40 y 65
44272131;28/05/2024 11:00;28/05/2024 11:01;359511;;Completa;Desktop;;;;Consultar el BOAM de hoy;;Sí;Diariamente;Trabajo en una Administración Pública;;Desde un PC;Sí;10;;Mujer;Entre 40 y 65
44272476;28/05/2024 11:48;28/05/2024 11:49;359511;;Completa;Desktop;;;;Buscar todas las disposiciones publicadas sobre un tema o asunto concreto.;;No ;Ocasionalmente;Trabajo por cuenta ajena;;Desde un PC;No;0;;Hombre; Más de 65
44319036;29/05/2024 9:29;29/05/2024 9:30;359511;;Completa;Desktop;;;;Consultar el BOAM de hoy;;Sí;Diariamente;Trabajo en una Administración Pública;;Desde un PC;Sí;3;;Hombre;Entre 40 y 65
44320096;29/05/2024 11:59;29/05/2024 12:00;359511;;Completa;Desktop;;;;Consultar el BOAM de hoy;;Sí;;Trabajo en una Administración Pública;;Desde un dispositivo móvil;Sí;8;;Hombre;Entre 40 y 65
44322490;29/05/2024 17:11;29/05/2024 17:14;359511;;Completa;Desktop;;;;Consultar el BOAM de un día anterior;;No ;Ocasionalmente;Otro;;Desde un PC;No;;;Hombre; Más de 65
44338911;30/05/2024 8:29;30/05/2024 8:30;359511;;Completa;Desktop;;;;Consultar el BOAM de hoy;;Sí;Diariamente;Trabajo por cuenta ajena;;Desde un PC;Sí;10;;Hombre;Entre 40 y 65
44339905;30/05/2024 12:24;30/05/2024 12:25;359511;;Parcial;Desktop;;;;Localizar una disposición concreta publicada hace tiempo.;;No ;;;;;;;;;
44356596;31/05/2024 13:59;31/05/2024 14:00;359511;;Completa;Mobile;;;;Buscar todas las disposiciones publicadas sobre un tema o asunto concreto.;;Sí;;Soy un/a trabajador/a autónomo;;Desde un dispositivo móvil;Sí;7;;Hombre;Entre 18 y 40
44374006;03/06/2024 6:41;03/06/2024 6:41;359511;;Parcial;Mobile;;;;Buscar todas las disposiciones publicadas sobre un tema o asunto concreto.;;;;;;;;;;;
44374270;03/06/2024 8:50;03/06/2024 8:51;359511;;Completa;Desktop;;;;Consultar el BOAM de hoy;;;Diariamente;Trabajo por cuenta ajena;;Desde un PC;No;5;;Hombre;Entre 40 y 65
44379151;03/06/2024 12:32;01/08/2024 11:02;359511;;Parcial;Desktop;;;;Consultar el BOAM de hoy;;;;;;;;;;;
44384140;03/06/2024 21:21;03/06/2024 21:21;359511;;Parcial;Mobile;;;;Consultar el BOAM de hoy;;Sí;Diariamente;Trabajo por cuenta ajena;;Desde un PC;Sí;5;;;
44392523;04/06/2024 7:37;04/06/2024 7:41;359511;;Completa;Desktop;;;;Consultar el BOAM de hoy;;Sí;Diariamente;Trabajo en una Administración Pública;;Desde un PC;Sí;7;Creo que la navegación por el Boletín es un tanto rígida;Mujer;Entre 40 y 65
44429691;04/06/2024 16:01;04/06/2024 16:02;359511;;Parcial;Desktop;;;;Localizar una disposición concreta publicada hace tiempo.;;No ;Ocasionalmente;Trabajo por cuenta ajena;;Desde un PC;No;0;;;
44476507;07/06/2024 10:31;07/06/2024 10:33;359511;;Completa;Desktop;;;;Otro;;Sí;Semanalmente;Trabajo en una Administración Pública;;Desde un PC;No;10;;Mujer;Entre 40 y 65
44492354;10/06/2024 0:29;10/06/2024 0:31;359511;;Completa;Mobile;;;;Consultar el BOAM de hoy;;Sí;Diariamente;Estoy estudiando / opositando;;Desde un dispositivo móvil;No;8;Actualización a la misma hora;Mujer;Entre 18 y 40
44494231;10/06/2024 10:20;10/06/2024 11:49;359511;;Completa;Desktop;;;;Consultar el BOAM de hoy;;Sí;Diariamente;Trabajo en una Administración Pública;;Desde un PC;Sí;5;"Cuando consultas algo, que al ""Volver"" vuelva donde te habías quedado, y no al principio de todo.";Mujer;Entre 40 y 65
44497420;10/06/2024 12:14;10/06/2024 12:14;359511;;Completa;Desktop;;;;Buscar todas las disposiciones publicadas sobre un tema o asunto concreto.;;Sí;Semanalmente;Trabajo en una Administración Pública;;Desde un PC;;7;;Mujer;Entre 40 y 65
44498848;10/06/2024 16:06;10/06/2024 16:06;359511;;Parcial;Desktop;;;;Consultar el BOAM de hoy;;;;;;;;;;;
44507977;10/06/2024 22:10;10/06/2024 22:10;359511;;Parcial;Desktop;;;;Consultar el BOAM de hoy;;;;;;;;;;;
44538339;11/06/2024 0:17;11/06/2024 0:18;359511;;Completa;Mobile;;;;Buscar todas las disposiciones publicadas sobre un tema o asunto concreto.;;Sí;Diariamente;Trabajo en una Administración Pública;;Desde un PC;Sí;10;;Mujer;Entre 40 y 65
44542884;11/06/2024 11:58;11/06/2024 11:59;359511;;Parcial;Mobile;;;;Localizar una disposición concreta publicada hace tiempo.;;;;;;;;;;;
44578498;13/06/2024 8:04;13/06/2024 8:05;359511;;Parcial;Desktop;;;;Consultar el BOAM de hoy;;Sí;Diariamente;Trabajo en una Administración Pública;;Desde un PC;No;8;;;
44612862;13/06/2024 14:11;13/06/2024 14:12;359511;;Completa;Desktop;;;;Buscar todas las disposiciones publicadas sobre un tema o asunto concreto.;;Sí;Diariamente;Trabajo por cuenta ajena;;Desde un PC;No;8;;Hombre;Entre 40 y 65
44619211;13/06/2024 16:04;13/06/2024 16:07;359511;;Completa;Mobile;;;;Localizar una disposición concreta publicada hace tiempo.;;Sí;Ocasionalmente;Trabajo en una Administración Pública;;Desde un dispositivo móvil;Sí;10;;Hombre;Entre 40 y 65
44620029;13/06/2024 17:42;13/06/2024 17:43;359511;;Parcial;Desktop;;;;Consultar el BOAM de hoy;;;;;;;;;;;
44625978;14/06/2024 7:53;14/06/2024 7:54;359511;;Completa;Desktop;;;;Consultar el BOAM de hoy;;No ;Semanalmente;Soy un/a trabajador/a autónomo;;Desde un dispositivo móvil;Sí;3;;Mujer;Entre 40 y 65
44628880;14/06/2024 14:21;14/06/2024 14:21;359511;;Completa;Desktop;;;;Consultar el BOAM de hoy;;;;;;;;;;;
44638120;14/06/2024 23:03;14/06/2024 23:04;359511;;Completa;Mobile;;;;Localizar una disposición concreta publicada hace tiempo.;;;Semanalmente;;;Desde un dispositivo móvil;No;;;Hombre;Entre 18 y 40
44644179;16/06/2024 9:48;16/06/2024 9:49;359511;;Completa;Desktop;;;;Localizar una disposición concreta publicada hace tiempo.;;No ;Ocasionalmente;Otro;;Desde un PC;Sí;0;;Hombre; Más de 65
44645178;16/06/2024 19:01;16/06/2024 19:02;359511;;Completa;Mobile;;;;Localizar una disposición concreta publicada hace tiempo.;;No ;Diariamente;Trabajo en una Administración Pública;;Desde un dispositivo móvil;No;10;;Hombre;Entre 40 y 65
44650388;17/06/2024 9:35;17/06/2024 9:36;359511;;Completa;Desktop;;;;Buscar todas las disposiciones publicadas sobre un tema o asunto concreto.;;Sí;Semanalmente;Trabajo en una Administración Pública;;;Sí;9;;Hombre;Entre 40 y 65
44795639;18/06/2024 23:56;18/06/2024 23:58;359511;;Completa;Desktop;;;;Buscar todas las disposiciones publicadas sobre un tema o asunto concreto.;;No ;Ocasionalmente;Otro;Junta directiva de AMPA;Desde un PC;No;3;No se encuentra nada aunque se busque con datos exactos. No tienen información histórica (1973) ni tampoco informa de si esta documentación puede estar o no disponible digitalmente. Búsqueda avanzada inservible.;Mujer;Entre 40 y 65
44804779;19/06/2024 20:18;19/06/2024 20:18;359511;;Parcial;Desktop;;;;Consultar el BOAM de un día anterior;;;;;;;;;;;
44813311;20/06/2024 9:48;20/06/2024 9:53;359511;;Completa;Desktop;;;;Buscar todas las disposiciones publicadas sobre un tema o asunto concreto.;;No ;Ocasionalmente;Trabajo en una Administración Pública;;Desde un PC;Sí;0;NO ME HA RESUELTO NADA.;Mujer;Entre 40 y 65
44828992;21/06/2024 10:44;21/06/2024 10:44;359511;;Parcial;Mobile;;;;Consultar el BOAM de hoy;;;;;;;;;;;
44834813;21/06/2024 12:35;21/06/2024 12:35;359511;;Parcial;Tablet;;;;Localizar una disposición concreta publicada hace tiempo.;;;;;;;;;;;
44845606;23/06/2024 12:37;23/06/2024 12:40;359511;;Parcial;Mobile;;;;Consultar el BOAM de hoy;;;;Trabajo por cuenta ajena;;;;1;;;
44848241;24/06/2024 7:30;24/06/2024 7:31;359511;;Completa;Desktop;;;;Consultar el BOAM de hoy;;Sí;Diariamente;Trabajo en una Administración Pública;;Desde un PC;Sí;10;;Mujer;Entre 40 y 65
44870241;25/06/2024 11:17;25/06/2024 11:17;359511;;Completa;Desktop;;;;Consultar el BOAM de hoy;;Sí;Diariamente;Estoy estudiando / opositando;;Desde un PC;Sí;9;;Mujer;Entre 18 y 40
44937276;27/06/2024 21:29;09/07/2024 10:13;359511;;Parcial;Mobile;;;;Localizar una disposición concreta publicada hace tiempo.;;Sí;Semanalmente;Trabajo en una Administración Pública;;Desde un PC;No;7;;;
44966659;01/07/2024 12:26;01/07/2024 12:27;359511;;Completa;Desktop;;;;Consultar el BOAM de hoy;;Sí;Diariamente;Trabajo en una Administración Pública;;Desde un PC;Sí;3;la búsqueda de contenido concreto es tremendamente difícil e ineficaz;Hombre;Entre 18 y 40
44973933;02/07/2024 9:31;02/07/2024 9:32;359511;;Completa;Desktop;;;;Consultar el BOAM de hoy;;Sí;Diariamente;Estoy estudiando / opositando;;Desde un PC;;10;;Mujer;Entre 18 y 40
45027087;03/07/2024 7:37;03/07/2024 7:38;359511;;Parcial;Desktop;;;;Buscar todas las disposiciones publicadas sobre un tema o asunto concreto.;;;;;;;;;;;
45034887;03/07/2024 13:09;03/07/2024 13:09;359511;;Parcial;Desktop;;;;Consultar el BOAM de hoy;;;;;;;;;;;
45035119;03/07/2024 13:45;03/07/2024 13:48;359511;;Completa;Mobile;;;;Consultar el BOAM de hoy;;No ;Ocasionalmente;Trabajo en una Administración Pública;;Desde un dispositivo móvil;No;;;Mujer;Entre 40 y 65
45071900;04/07/2024 12:34;04/07/2024 12:38;359511;;Parcial;Desktop;;;;Consultar el BOAM de un día anterior;;;;;;;;;;;
45090915;05/07/2024 13:01;05/07/2024 13:02;359511;;Completa;Desktop;;;;Localizar una disposición concreta publicada hace tiempo.;;Sí;Semanalmente;Trabajo en una Administración Pública;;Desde un PC;No;7;;Hombre;Entre 40 y 65
45106444;06/07/2024 21:33;06/07/2024 21:35;359511;;Completa;Mobile;;;;Localizar una disposición concreta publicada hace tiempo.;;No ;Ocasionalmente;Trabajo por cuenta ajena;;Desde un dispositivo móvil;No;;;Hombre;Entre 40 y 65
45129815;09/07/2024 8:10;09/07/2024 8:10;359511;;Parcial;Mobile;;;;Consultar el BOAM de hoy;;No ;;;;;;;;;
45130310;09/07/2024 11:29;09/07/2024 11:31;359511;;Completa;Mobile;;;;Buscar todas las disposiciones publicadas sobre un tema o asunto concreto.;;Sí;Semanalmente;Trabajo en una Administración Pública;;Desde un PC;Sí;6;;Mujer;Entre 40 y 65
45130845;09/07/2024 13:12;09/07/2024 13:12;359511;;Parcial;Desktop;;;;Consultar el BOAM de hoy;;No ;;;;;;;;;
45146618;09/07/2024 19:59;09/07/2024 19:59;359511;;Parcial;Desktop;;;;Otro;;;;;;;;;;;
45146631;09/07/2024 20:00;09/07/2024 20:01;359511;;Completa;Desktop;;;;Consultar el BOAM de hoy;;Sí;Diariamente;Trabajo en una Administración Pública;;Desde un PC;No;8;;Mujer;Entre 40 y 65
45232389;14/07/2024 6:18;14/07/2024 6:19;359511;;Completa;Mobile;;;;Consultar el BOAM de un día anterior;;;;;;;;;;;
45236022;15/07/2024 10:10;15/07/2024 10:14;359511;;Completa;Desktop;;;;Consultar el BOAM de hoy;;Sí;;Trabajo en una Administración Pública;;;Sí;9;"Me gustaría que al darle la opción de ""atrás"" no me llevara a la página de comienzo donde están todos los apartados sino a la anterior que estaba viendo para seguir consultando sin necesidad de volver a elegir el apartado que había elegido.";Mujer;Entre 40 y 65
45269579;16/07/2024 14:33;16/07/2024 14:34;359511;;Completa;Desktop;;;;Consultar el BOAM de hoy;;;Diariamente;Trabajo por cuenta ajena;;;Sí;10;;Hombre;Entre 40 y 65
45305586;19/07/2024 14:30;19/07/2024 14:39;359511;;Completa;Desktop;;;;Buscar todas las disposiciones publicadas sobre un tema o asunto concreto.;;Sí;Diariamente;Trabajo en una Administración Pública;;Desde un PC;Sí;8;"Para los opositores que consultamos el BOAM a diario, seria bueno que adoptara un sistema de alerta similar al BOE, donde diariamente  puedes configurar recibir en mail no solamente la alerta de la publicación de un nuevo boletín, sino que la propia alerta desgrana todas las disposiciones publicadas en el apartado de interés (en este caso el de personal), añadiendo una nota resumen del tipo de plaza que se convoca. Actualmente con la alerta que recibimos del BOAM, de todo el boletín, solo vemos el titulo de la disposición que se publica, lo que obliga a pinchar uno a uno cada anuncio para saber de que se trata o que plaza se convoca en concreto, ya que se refiere a la plaza con el código interno (por ejemplo LD-51-032/2024, FE-51-009/2024.) en lugar de definir en el propio titulo ""concurso de méritos para puesto de arquitecto en junta de distrito o Auxiliar administrativo en el Área X""). Seria bueno ""copiar"" las alertas del BOE";Hombre;Entre 40 y 65
45306077;19/07/2024 16:03;19/07/2024 16:03;359511;;Parcial;Desktop;;;;Localizar una disposición concreta publicada hace tiempo.;;No ;;;;;;;;;
45336426;23/07/2024 9:29;23/07/2024 9:31;359511;;Completa;Desktop;;;;Consultar el BOAM de hoy;;Sí;Diariamente;Trabajo en una Administración Pública;;Desde un PC;No;8;Desearía servicio de alertas para recibir las ofertas de empleo;Mujer;Entre 40 y 65
45364872;24/07/2024 18:11;24/07/2024 18:15;359511;;Completa;Desktop;;;;Consultar el BOAM de hoy;;Sí;Diariamente;Soy un/a trabajador/a autónomo;;Desde un PC;Sí;8;El buscador avanzado de resoluciones podría ser más fácil de usar. Mejorar el análisis normativo, con más datos sobre afectaciones, etc.. Puede tener interés seguir incorporando boletines antiguos.;Hombre;Entre 40 y 65
45417741;29/07/2024 12:26;29/07/2024 12:26;359511;;Parcial;Desktop;;;;Localizar una disposición concreta publicada hace tiempo.;;;;;;;;;;;
45428846;30/07/2024 9:49;30/07/2024 9:50;359511;;Completa;Desktop;;;;Consultar el BOAM de hoy;;Sí;;Trabajo en una Administración Pública;;;;8;debería mejorar el buscador;Mujer;Entre 40 y 65
45454960;31/07/2024 14:02;31/07/2024 14:02;359511;;Completa;Mobile;;;;Localizar una disposición concreta publicada hace tiempo.;;;;;;;;;;Hombre;
45503834;01/08/2024 8:46;01/08/2024 8:46;359511;;Parcial;Desktop;;;;Buscar todas las disposiciones publicadas sobre un tema o asunto concreto.;;;;;;;;;;;
45504480;01/08/2024 13:02;01/08/2024 13:02;359511;;Completa;Desktop;;;;Buscar todas las disposiciones publicadas sobre un tema o asunto concreto.;;Sí;Diariamente;Trabajo en una Administración Pública;;Desde un PC;No;10;;Mujer;Entre 40 y 65
45526159;02/08/2024 20:29;02/08/2024 20:31;359511;;Completa;Desktop;;;;Consultar el BOAM de hoy;;Sí;Diariamente;Otro;;Desde un PC;No;10;lo consulto sobre todo los plenos de la junta de distrito;Hombre;Entre 40 y 65
45583978;07/08/2024 16:57;07/08/2024 16:57;359511;;Parcial;Desktop;;;;Localizar una disposición concreta publicada hace tiempo.;;;;;;;;;;;
45586095;08/08/2024 0:05;26/09/2024 0:06;359511;;Parcial;Mobile;;;;Consultar el BOAM de hoy;;No ;Diariamente;Estoy estudiando / opositando;;Desde un dispositivo móvil;;;;;
45592740;09/08/2024 8:47;09/08/2024 8:47;359511;;Parcial;Desktop;;;;Consultar el BOAM de hoy;;;;;;;;;;;
45600056;09/08/2024 15:23;09/08/2024 15:23;359511;;Parcial;Desktop;;;;Consultar el BOAM de hoy;;;;;;;;;;;
45622633;12/08/2024 19:08;12/08/2024 19:08;359511;;Completa;Mobile;;;;Localizar una disposición concreta publicada hace tiempo.;;Sí;Semanalmente;Soy un/a trabajador/a autónomo;;Desde un PC;Sí;7;;Hombre;Entre 18 y 40
45695115;16/08/2024 10:32;16/08/2024 10:33;359511;;Parcial;Mobile;;;;Consultar el BOAM de hoy;;No ;;;;;;;;;
45717225;18/08/2024 19:59;18/08/2024 19:59;359511;;Completa;Desktop;;;;Consultar el BOAM de un día anterior;;Sí;Ocasionalmente;Estoy estudiando / opositando;;Desde un PC;No;10;;Mujer;Entre 40 y 65
45730114;20/08/2024 9:45;20/08/2024 9:45;359511;;Parcial;Desktop;;;;;;No ;;;;;;;;;
45769964;21/08/2024 16:31;21/08/2024 16:32;359511;;Parcial;Mobile;;;;Buscar todas las disposiciones publicadas sobre un tema o asunto concreto.;;No ;Ocasionalmente;;;Desde un dispositivo móvil;No;;;;
45785116;23/08/2024 9:14;23/08/2024 9:15;359511;;Completa;Desktop;;;;Consultar el BOAM de hoy;;Sí;Semanalmente;Trabajo en una Administración Pública;;;No;;;Mujer;Entre 40 y 65
45785219;23/08/2024 10:10;23/08/2024 10:11;359511;;Parcial;Mobile;;;;Otro;Lista de admitidos pisos de alquiler;No ;Ocasionalmente;;;;;;;;
45792872;23/08/2024 22:18;23/08/2024 22:18;359511;;Parcial;Mobile;;;;Consultar el BOAM de hoy;;;;;;;;;;;
45799389;26/08/2024 9:18;26/08/2024 9:20;359511;;Completa;Desktop;;;;Consultar el BOAM de hoy;;Sí;;Trabajo en una Administración Pública;;Desde un PC;No;4;Consultar el BOAM a través de ayre es muy mejorable. No es una consulta ágil.;Hombre;Entre 40 y 65
45799618;26/08/2024 11:12;26/08/2024 11:13;359511;;Parcial;Desktop;;;;Consultar el BOAM de un día anterior;;Sí;Diariamente;;;;;;;;
45802027;26/08/2024 13:04;26/08/2024 13:06;359511;;Completa;Desktop;;;;Consultar el BOAM de hoy;;Sí;Ocasionalmente;Estoy estudiando / opositando;;Desde un PC;No;6;Las búsquedas deberían concretar más los términos y no dar resultados tan amplios, aunque se especifique en el titulo no busca correctamente ;Hombre;Entre 40 y 65
45830704;28/08/2024 9:20;28/08/2024 9:20;359511;;Parcial;Desktop;;;;Consultar el BOAM de hoy;;Sí;;;;;;;;;
45832670;28/08/2024 16:37;28/08/2024 16:38;359511;;Completa;Desktop;;;;Consultar el BOAM de hoy;;Sí;Diariamente;Trabajo en una Administración Pública;;Desde un PC;Sí;9;;Mujer;Entre 40 y 65
45895872;02/09/2024 12:15;02/09/2024 12:16;359511;;Parcial;Desktop;;;;Consultar el BOAM de hoy;;;;;;;;;;;
45965689;04/09/2024 11:44;04/09/2024 11:44;359511;;Parcial;Desktop;;;;Buscar todas las disposiciones publicadas sobre un tema o asunto concreto.;;No ;Mensualmente;Otro;Empresa;Desde un PC;;;;;
45968327;04/09/2024 15:22;04/09/2024 15:22;359511;;Parcial;Mobile;;;;Consultar el BOAM de hoy;;;;;;;;;;;
45994124;05/09/2024 9:18;05/09/2024 9:19;359511;;Completa;Desktop;;;;Consultar el BOAM de hoy;;Sí;Diariamente;Trabajo por cuenta ajena;;Desde un PC;No;7;;Hombre;Entre 18 y 40
46002361;05/09/2024 12:24;05/09/2024 12:24;359511;;Parcial;Desktop;;;;Localizar una disposición concreta publicada hace tiempo.;;No ;;;;;;;;;
46008219;05/09/2024 17:54;05/09/2024 17:55;359511;;Parcial;Mobile;;;;Consultar el BOAM de hoy;;Sí;Ocasionalmente;Trabajo por cuenta ajena;;Desde un dispositivo móvil;;;;;
46020947;06/09/2024 11:59;06/09/2024 12:24;359511;;Completa;Desktop;;;;Buscar todas las disposiciones publicadas sobre un tema o asunto concreto.;;No ;Ocasionalmente;Estoy estudiando / opositando;;Desde un PC;No;6;No encuentro el material a estudiar para las oposiciones.;Hombre;Entre 18 y 40
46033213;07/09/2024 12:33;07/09/2024 12:38;359511;;Completa;Desktop;;;;Buscar todas las disposiciones publicadas sobre un tema o asunto concreto.;;Sí;Ocasionalmente;Trabajo en una Administración Pública;;Desde un PC;No;3;"He entrado con el objetivo concreto de suscribirme al BOAM, pretendía encontrar un formulario que permitiese introducir un filtro de búsqueda en el BOAM y recibir avisos de disposiciones que cumplan con ese filtro (similar a los que se pueden establecer en el BOE). 
No he sido capaz de encontrarlo, por lo que creo que el servicio de suscripción que precisamente se menciona en esta encuesta (al no encontrarlo dudaba de su existencia y la pregunta en esta encuesta ha sido la confirmación) debería ser más visible o evidente. Como sugerencia, quizá un enlace o botón para suscribirse al BOAM en la propia pantalla de búsqueda. 

";Mujer;Entre 18 y 40
46042927;09/09/2024 13:35;09/09/2024 13:35;359511;;Parcial;Mobile;;;;Consultar el BOAM de hoy;;;;;;;;;;;
46078322;10/09/2024 8:29;10/09/2024 8:30;359511;;Completa;Desktop;;;;Consultar el BOAM de hoy;;Sí;Diariamente;Trabajo en una Administración Pública;;;Sí;9;;Mujer;Entre 40 y 65
46126790;13/09/2024 9:59;13/09/2024 10:00;359511;;Completa;Desktop;;;;Consultar el BOAM de hoy;;Sí;Diariamente;Trabajo en una Administración Pública;;Desde un PC;No;8;Me gustaría suscribirme a categorías, dependencias o por palabras claves. No me interesa recibir TODO el BOAM en el correo. Solo quiero ciertos resultados.;Hombre;Entre 18 y 40
46131561;13/09/2024 14:40;13/09/2024 14:40;359511;;Parcial;Mobile;;;;Consultar el BOAM de hoy;;;;;;;;;;;
46150536;15/09/2024 21:16;15/09/2024 21:16;359511;;Parcial;Desktop;;;;Localizar una disposición concreta publicada hace tiempo.;;;;;;;;;;;
46181542;16/09/2024 12:02;16/09/2024 12:03;359511;;Completa;Desktop;;;;Consultar el BOAM de un día anterior;;;;;;;;;;Mujer;Entre 40 y 65
46308746;18/09/2024 16:56;18/09/2024 16:56;359511;;Parcial;Desktop;;;;Consultar el BOAM de hoy;;;;;;;;;;;
46332475;19/09/2024 9:59;19/09/2024 10:00;359511;;Completa;Desktop;;;;Consultar el BOAM de hoy;;;;;;;;;;Mujer;
46343376;20/09/2024 10:16;20/09/2024 10:42;359511;;Completa;Desktop;;;;Consultar el BOAM de un día anterior;;;;;;;;;;Mujer;Entre 40 y 65
46360128;22/09/2024 1:53;22/09/2024 1:54;359511;;Completa;Mobile;;;;Buscar todas las disposiciones publicadas sobre un tema o asunto concreto.;;;;Trabajo por cuenta ajena;;Desde un dispositivo móvil;;;;Hombre;Entre 18 y 40
46361452;22/09/2024 18:13;22/09/2024 18:14;359511;;Parcial;Mobile;;;;Consultar el BOAM de hoy;;;;;;;;;;;
46363942;23/09/2024 9:27;23/09/2024 9:28;359511;;Completa;Desktop;;;;Localizar una disposición concreta publicada hace tiempo.;;No ;Semanalmente;Otro;Asociación feminista;Desde un PC;Sí;2;;Mujer; Más de 65
46367098;23/09/2024 12:17;23/09/2024 12:17;359511;;Parcial;Desktop;;;;Consultar el BOAM de hoy;;;;;;;;;;;
46367328;23/09/2024 13:31;23/09/2024 13:32;359511;;Parcial;Mobile;;;;Consultar el BOAM de hoy;;;;;;;;;;;
46368475;23/09/2024 17:18;23/09/2024 17:18;359511;;Parcial;Mobile;;;;Consultar el BOAM de un día anterior;;;;;;;;;;;
46371656;23/09/2024 19:32;23/09/2024 19:33;359511;;Parcial;Desktop;;;;Consultar el BOAM de hoy;;;;;;;;;;;
46376395;24/09/2024 0:08;24/09/2024 0:08;359511;;Parcial;Mobile;;;;Consultar el BOAM de hoy;;Sí;;;;;;;;;
46409473;24/09/2024 16:32;24/09/2024 16:33;359511;;Parcial;Tablet;;;;Buscar todas las disposiciones publicadas sobre un tema o asunto concreto.;;;;;;;;;;;
46419641;25/09/2024 15:04;25/09/2024 15:05;359511;;Parcial;Desktop;;;;Buscar todas las disposiciones publicadas sobre un tema o asunto concreto.;;;;;;;;;;;
46419783;25/09/2024 15:14;25/09/2024 15:14;359511;;Parcial;Mobile;;;;Consultar el BOAM de un día anterior;;;;;;;;;;;
46428773;26/09/2024 13:35;26/09/2024 13:37;359511;;Completa;Mobile;;;;Localizar una disposición concreta publicada hace tiempo.;;No ;Ocasionalmente;Estoy estudiando / opositando;;Desde un dispositivo móvil;Sí;2;Ojalá hicieran más fácil encontrar los boletines ;Mujer;Entre 18 y 40
46494101;02/10/2024 8:30;02/10/2024 8:31;359511;;Completa;Desktop;;;;Consultar el BOAM de hoy;;Sí;Diariamente;Trabajo en una Administración Pública;;Desde un PC;Sí;4;El buscador es una verdadera tortura.;Hombre;Entre 40 y 65
46508088;03/10/2024 13:45;03/10/2024 13:45;359511;;Parcial;Desktop;;;;Consultar el BOAM de hoy;;;;;;;;;;;
46518192;04/10/2024 7:42;04/10/2024 7:44;359511;;Completa;Mobile;;;;Consultar el BOAM de hoy;;Sí;Ocasionalmente;Otro;Extranjero ;Desde un dispositivo móvil;No;1;Bien;Hombre;Entre 18 y 40
46589414;07/10/2024 0:18;07/10/2024 0:19;359511;;Completa;Mobile;;;;Consultar el BOAM de hoy;;Sí;Diariamente;Trabajo en una Administración Pública;;Desde un dispositivo móvil;Sí;9;;Mujer;Entre 40 y 65
46589417;07/10/2024 0:18;07/10/2024 0:19;359511;;Completa;Mobile;;;;Consultar el BOAM de hoy;;No ;Diariamente;Trabajo en una Administración Pública;;Desde un dispositivo móvil;Sí;3;;Mujer;Entre 40 y 65
46589605;07/10/2024 0:58;07/10/2024 0:59;359511;;Completa;Mobile;;;;Consultar el BOAM de hoy;;No ;Diariamente;Estoy estudiando / opositando;;Desde un dispositivo móvil;Sí;7;;Hombre;Entre 18 y 40
46591315;07/10/2024 7:57;07/10/2024 7:59;359511;;Completa;Desktop;;;;Consultar el BOAM de hoy;;No ;Diariamente;Trabajo en una Administración Pública;;Desde un PC;No;8;Hoy no se ha publicado;Mujer;Entre 40 y 65
46591343;07/10/2024 8:11;07/10/2024 8:11;359511;;Completa;Mobile;;;;Consultar el BOAM de hoy;;No ;Diariamente;Trabajo en una Administración Pública;;Desde un dispositivo móvil;No;6;;Mujer;Entre 40 y 65
46591347;07/10/2024 8:14;07/10/2024 8:14;359511;;Parcial;Desktop;;;;Consultar el BOAM de hoy;;;;;;;;;;;
46595748;07/10/2024 15:58;07/10/2024 16:04;359511;;Completa;Mobile;;;;Consultar el BOAM de hoy;;;Diariamente;Otro;;Desde un dispositivo móvil;Sí;9;Estoy suscrita al Boletín Oficial del Ayuntamiento, por lo que lo recibo diariamente.  Es posible que hoy día 7 de Octubre exista alguna incidencia porque no lo he recibido. Por favor, pueden comprobarlo y si es posible reenviarme dicho boletín.  Gracias anticipadas, Alicia Maestre  606983940 alice84270@gmail.com;Mujer;Entre 40 y 65
46596162;07/10/2024 16:34;07/10/2024 16:35;359511;;Completa;Desktop;;;;Consultar el BOAM de hoy;;Sí;Diariamente;Soy un/a trabajador/a autónomo;;Desde un PC;;5;Es necesario poder establecer alertas en función de palabras clave;Hombre;Entre 40 y 65
46604596;08/10/2024 1:33;08/10/2024 1:35;359511;;Completa;Mobile;;;;Consultar el BOAM de hoy;;Sí;Diariamente;Estoy estudiando / opositando;;Desde un dispositivo móvil;Sí;9;Que la notificación que se recibe al correo electrónico a diario de que ya está disponible el BOAM se reciba a las 00:00 horas y no cada dia a una hora distinta e incierta;Mujer;Entre 18 y 40
46607675;08/10/2024 8:05;08/10/2024 8:05;359511;;Parcial;Mobile;;;;Consultar el BOAM de hoy;;;;;;;;;;;
46672040;10/10/2024 11:49;24/10/2024 14:10;359511;;Parcial;Desktop;;;;Consultar el BOAM de hoy;;;;;;;;;;;
46675703;10/10/2024 17:58;10/10/2024 17:59;359511;;Parcial;Desktop;;;;Localizar una disposición concreta publicada hace tiempo.;;;;;;;;;;;
46697134;12/10/2024 1:33;12/10/2024 1:35;359511;;Completa;Desktop;;;;Buscar todas las disposiciones publicadas sobre un tema o asunto concreto.;;No ;Ocasionalmente;Trabajo por cuenta ajena;;Desde un PC;No;1;Es muy dificil buscar ordenanzas, esta todo muy liado,llevo días intentandolo y ni siquiera sé a que consejeria corresponde lo que busco;Mujer;Entre 40 y 65
46702000;12/10/2024 21:57;12/10/2024 21:57;359511;;Parcial;Mobile;;;;Localizar una disposición concreta publicada hace tiempo.;;No ;Ocasionalmente;Otro;;;;;;;
46780273;16/10/2024 16:01;16/10/2024 16:02;359511;;Completa;Desktop;;;;Consultar el BOAM de hoy;;Sí;Semanalmente;Trabajo en una Administración Pública;;Desde un PC;;6;No es fácil volver a disposiciones anteriores desde una entrada en concreto. Se vuelve a iniciar de nuevo todo el índice;Mujer;Entre 40 y 65
46883950;19/10/2024 8:18;19/10/2024 8:18;359511;;Parcial;Mobile;;;;Buscar todas las disposiciones publicadas sobre un tema o asunto concreto.;;;;;;;;;;;
46920372;22/10/2024 7:54;22/10/2024 7:55;359511;;Completa;Mobile;;;;Buscar todas las disposiciones publicadas sobre un tema o asunto concreto.;;Sí;Semanalmente;Estoy estudiando / opositando;;Desde un dispositivo móvil;Sí;7;;Hombre;Entre 40 y 65
46925641;22/10/2024 12:23;22/10/2024 12:28;359511;;Completa;Desktop;;;;Consultar el BOAM de hoy;;Sí;Diariamente;Otro;jubilado;Desde un PC;No;10;Deberían introducir en el calendario algún tipo de indicación para saber que el boletín correspondiente ya ha sido leído, como se hace en el BOE. Gracias;Hombre; Más de 65
46932750;22/10/2024 13:41;22/10/2024 13:42;359511;;Parcial;Desktop;;;;Localizar una disposición concreta publicada hace tiempo.;;No ;Ocasionalmente;Trabajo en una Administración Pública;;Desde un PC;Sí;3;;;
46934607;22/10/2024 16:35;22/10/2024 16:35;359511;;Completa;Desktop;;;;Consultar el BOAM de hoy;;;;;;;;;;Mujer;Entre 18 y 40
46984002;24/10/2024 11:12;24/10/2024 11:12;359511;;Parcial;Desktop;;;;Consultar el BOAM de hoy;;;;;;;;;;;
46984578;24/10/2024 12:28;24/10/2024 12:24;359511;;Completa;Desktop;;;;Localizar una disposición concreta publicada hace tiempo.;;No ;Ocasionalmente;Trabajo por cuenta ajena;;Desde un PC;No;2;No es nada intuitivo y no es fácil encontrar las publicaciones.;Mujer;Entre 40 y 65
46989331;24/10/2024 20:44;24/10/2024 20:44;359511;;Completa;Mobile;;;;Consultar el BOAM de hoy;;Sí;Diariamente;Trabajo en una Administración Pública;;Desde un PC;Sí;9;;Mujer;Entre 40 y 65
46989545;24/10/2024 21:08;24/10/2024 21:08;359511;;Parcial;Mobile;;;;Localizar una disposición concreta publicada hace tiempo.;;;;;;;;;;;
47026104;25/10/2024 21:58;25/10/2024 21:58;359511;;Parcial;Mobile;;;;Buscar todas las disposiciones publicadas sobre un tema o asunto concreto.;;;;;;;;;;;
47029535;26/10/2024 11:16;26/10/2024 11:17;359511;;Parcial;Mobile;;;;Consultar el BOAM de hoy;;;;;;;;;;;
47031082;26/10/2024 17:44;26/10/2024 17:46;359511;;Completa;Mobile;;;;Buscar todas las disposiciones publicadas sobre un tema o asunto concreto.;;Sí;Diariamente;Trabajo por cuenta ajena;;Desde un dispositivo móvil;Sí;10;;Hombre;Entre 40 y 65
47037487;28/10/2024 0:40;28/10/2024 0:41;359511;;Completa;Desktop;;;;Consultar el BOAM de hoy;;Sí;Semanalmente;Trabajo en una Administración Pública;;Desde un PC;Sí;10;;Hombre;Entre 40 y 65
47071258;29/10/2024 8:38;29/10/2024 8:39;359511;;Completa;Desktop;;;;Localizar una disposición concreta publicada hace tiempo.;;No ;Semanalmente;Otro;;Desde un dispositivo móvil;No;1;;Mujer;Entre 18 y 40
47151966;30/10/2024 9:34;30/10/2024 9:35;359511;;Completa;Desktop;;;;Buscar todas las disposiciones publicadas sobre un tema o asunto concreto.;;No ;Diariamente;Trabajo por cuenta ajena;;Desde un PC;Sí;2;;Mujer;Entre 40 y 65
47169203;30/10/2024 18:32;30/10/2024 18:33;359511;;Completa;Desktop;;;;Localizar una disposición concreta publicada hace tiempo.;;No ;Ocasionalmente;Trabajo por cuenta ajena;;Desde un PC;No;5;No hay manera de encontrar lo que me interesa, el buscador me suele dar error;Mujer;Entre 40 y 65
47200047;02/11/2024 17:06;02/11/2024 17:07;359511;;Parcial;Mobile;;;;Consultar el BOAM de un día anterior;;;;;;;;;Tct;Mujer;Menos de 18
47204004;03/11/2024 21:17;03/11/2024 21:18;359511;;Parcial;Mobile;;;;Consultar el BOAM de un día anterior;;No ;Ocasionalmente;;;;;;;;
47228895;05/11/2024 8:17;05/11/2024 8:18;359511;;Completa;Desktop;;;;Consultar el BOAM de hoy;;Sí;Diariamente;Trabajo en una Administración Pública;;Desde un PC;No;7;;Mujer;Entre 40 y 65
47235350;05/11/2024 11:48;05/11/2024 11:49;359511;;Parcial;Desktop;;;;Otro;;;;;;;;;;;
47283745;06/11/2024 15:13;06/11/2024 23:26;359511;;Parcial;Desktop;;;;;;;;;;;;3;;;
47403642;12/11/2024 0:36;12/11/2024 0:37;359511;;Completa;Mobile;;;;Consultar el BOAM de hoy;;No ;Ocasionalmente;Trabajo en una Administración Pública;;Desde un dispositivo móvil;Sí;10;;Hombre;Entre 40 y 65
47441497;12/11/2024 22:49;12/11/2024 22:49;359511;;Parcial;Mobile;;;;Buscar todas las disposiciones publicadas sobre un tema o asunto concreto.;;No ;;;;;;;;;
47445683;13/11/2024 9:28;13/11/2024 9:28;359511;;Completa;Desktop;;;;Consultar el BOAM de hoy;;Sí;Diariamente;Soy un/a trabajador/a autónomo;;Desde un PC;No;8;;Mujer;Entre 18 y 40
47454859;13/11/2024 12:05;13/11/2024 12:19;359511;;Parcial;Desktop;;;;Consultar el BOAM de hoy;;No ;;;;;;;;;
47484078;13/11/2024 17:54;13/11/2024 17:54;359511;;Completa;Desktop;;;;Consultar el BOAM de hoy;;Sí;Semanalmente;Trabajo en una Administración Pública;;Desde un PC;No;9;;Hombre;Entre 40 y 65
47563115;18/11/2024 14:28;18/11/2024 14:28;359511;;Parcial;Desktop;;;;Buscar todas las disposiciones publicadas sobre un tema o asunto concreto.;;No ;;;;;;;;;
47563140;18/11/2024 14:30;18/11/2024 14:31;359511;;Completa;Desktop;;;;Consultar el BOAM de hoy;;;;;;;;;;Mujer;Entre 40 y 65
47569209;18/11/2024 21:26;18/11/2024 21:26;359511;;Parcial;Mobile;;;;Consultar el BOAM de hoy;;Sí;Diariamente;Trabajo por cuenta ajena;;;;;;;
47575216;19/11/2024 10:05;19/11/2024 10:05;359511;;Parcial;Desktop;;;;Consultar el BOAM de hoy;;;;;;;;;;;
47586534;19/11/2024 13:58;19/11/2024 13:58;359511;;Parcial;Desktop;;;;Localizar una disposición concreta publicada hace tiempo.;;;;;;;;;;;
47599290;19/11/2024 21:58;19/11/2024 21:43;359511;;Parcial;Desktop;;;;Consultar el BOAM de hoy;;Sí;Diariamente;;;;;;;;
47603593;20/11/2024 8:16;20/11/2024 8:24;359511;;Completa;Mobile;;;;Consultar el BOAM de hoy;;Sí;Diariamente;Trabajo en una Administración Pública;;Desde un PC;Sí;7;Cuando se accede a un contenido y se retorna, te lleva a la página principal del BOAM, por lo que,  cada vez que se accede a un contenido,  hay que hacer todos los pasos de entrada nuevamente ;Mujer;Entre 40 y 65
47620747;20/11/2024 21:23;20/11/2024 21:24;359511;;Parcial;Mobile;;;;Consultar el BOAM de hoy;;;;;;;;;;;
47688968;22/11/2024 7:48;22/11/2024 7:48;359511;;Completa;Desktop;;;;Consultar el BOAM de hoy;;Sí;Diariamente;Trabajo en una Administración Pública;;Desde un PC;Sí;7;;Mujer;Entre 40 y 65
47690372;22/11/2024 9:49;22/11/2024 9:50;359511;;Completa;Desktop;;;;Consultar el BOAM de hoy;;Sí;Diariamente;Trabajo en una Administración Pública;;Desde un PC;Sí;10;;Hombre;Entre 40 y 65
47726379;25/11/2024 10:52;25/11/2024 10:53;359511;;Parcial;Desktop;;;;Consultar el BOAM de hoy;;No ;;;;;;;;;
47779583;27/11/2024 17:53;27/11/2024 17:54;359511;;Parcial;Desktop;;;;Buscar todas las disposiciones publicadas sobre un tema o asunto concreto.;;No ;;;;;;;;;
47780152;27/11/2024 18:45;27/11/2024 18:46;359511;;Completa;Desktop;;;;Consultar el BOAM de hoy;;Sí;Diariamente;Trabajo en una Administración Pública;;Desde un PC;Sí;9;;Mujer;Entre 40 y 65
47862895;28/11/2024 21:10;28/11/2024 21:11;359511;;Completa;Mobile;;;;;;;;;;;;;;Hombre;Entre 18 y 40
47868688;29/11/2024 11:36;29/11/2024 11:38;359511;;Completa;Desktop;;;;Buscar todas las disposiciones publicadas sobre un tema o asunto concreto.;;Sí;Mensualmente;Otro;buscando trabajo;Desde un PC;Sí;10;;Mujer;Entre 18 y 40
47891816;30/11/2024 18:50;30/11/2024 18:55;359511;;Completa;Mobile;;;;Buscar todas las disposiciones publicadas sobre un tema o asunto concreto.;;No ;Ocasionalmente;Otro;Reparación y fabricación de tanques y remolques ;Desde un dispositivo móvil;No;;Solo busco. Trabajo ;Hombre;Entre 18 y 40
47917392;06/12/2024 18:48;06/12/2024 18:49;359511;;Parcial;Desktop;;;;Buscar todas las disposiciones publicadas sobre un tema o asunto concreto.;;No ;;;;;;;;;
47928182;03/12/2024 8:30;03/12/2024 8:31;359511;;Completa;Desktop;;;;Consultar el BOAM de hoy;;Sí;Diariamente;Trabajo en una Administración Pública;;Desde un PC;No;10;;Hombre;Entre 18 y 40
47970294;04/12/2024 18:22;04/12/2024 18:22;359511;;Completa;Desktop;;;;Buscar todas las disposiciones publicadas sobre un tema o asunto concreto.;;No ;Ocasionalmente;Estoy estudiando / opositando;;;;;;;
48015838;07/12/2024 10:24;09/12/2024 18:26;359511;;Parcial;Desktop;;;;Consultar el BOAM de hoy;;;;;;;;;;;
48028083;09/12/2024 13:09;09/12/2024 13:10;359511;;Parcial;Mobile;;;;Localizar una disposición concreta publicada hace tiempo.;;No ;;;;;;;;;
48034571;09/12/2024 18:19;09/12/2024 18:20;359511;;Parcial;Mobile;;;;Localizar una disposición concreta publicada hace tiempo.;;;;;;;;;;;
48040476;10/12/2024 0:28;10/12/2024 0:29;359511;;Parcial;Mobile;;;;Localizar una disposición concreta publicada hace tiempo.;;No ;Mensualmente;Trabajo en una Administración Pública;;Desde un PC;Sí;1;;;
48040604;10/12/2024 0:53;10/12/2024 0:54;359511;;Completa;Mobile;;;;Consultar el BOAM de hoy;;Sí;Semanalmente;Trabajo en una Administración Pública;;Desde un dispositivo móvil;Sí;10;;Mujer;Entre 40 y 65
48040843;10/12/2024 1:50;10/12/2024 1:50;359511;;Parcial;Mobile;;;;Consultar el BOAM de hoy;;;;;;;;;;;
48132918;13/12/2024 7:31;13/12/2024 7:32;359511;;Completa;Desktop;;;;Consultar el BOAM de hoy;;Sí;Diariamente;Trabajo en una Administración Pública;;Desde un PC;Sí;9;;Mujer;Entre 40 y 65
48132971;13/12/2024 8:06;13/12/2024 8:07;359511;;Parcial;Desktop;;;;Consultar el BOAM de hoy;;No ;;;;;;;;;
48159010;16/12/2024 10:01;16/12/2024 10:01;359511;;Parcial;Desktop;;;;Consultar el BOAM de hoy;;;;;;;;;;;
48232345;17/12/2024 15:18;17/12/2024 15:18;359511;;Parcial;Mobile;;;;Buscar todas las disposiciones publicadas sobre un tema o asunto concreto.;;;;;;;;;;;
48327586;19/12/2024 13:47;19/12/2024 13:47;359511;;Completa;Mobile;;;;Localizar una disposición concreta publicada hace tiempo.;;No ;Ocasionalmente;Trabajo en una Administración Pública;;Desde un dispositivo móvil;No;1;;Hombre;Entre 40 y 65
48343819;20/12/2024 9:19;20/12/2024 9:20;359511;;Completa;Desktop;;;;Consultar el BOAM de hoy;;Sí;Semanalmente;Trabajo en una Administración Pública;;Desde un PC;Sí;8;;Mujer;Entre 40 y 65
48373016;23/12/2024 9:52;23/12/2024 9:53;359511;;Parcial;Desktop;;;;Consultar el BOAM de hoy;;;;;;;;;;;
48373098;23/12/2024 10:19;23/12/2024 10:19;359511;;Completa;Desktop;;;;Consultar el BOAM de hoy;;;;;;;;;;Mujer;Entre 40 y 65
48436745;27/12/2024 10:13;27/12/2024 10:13;359511;;Parcial;Desktop;;;;Consultar el BOAM de hoy;;;;;;;;;;;
48571942;30/12/2024 21:12;30/12/2024 21:13;359511;;Completa;Desktop;;;;Consultar el BOAM de hoy;;;;;;;;;;;
